start,end,duration
2010-01-01 00:00:00,2010-01-04 06:41:00,4781.0
2010-01-04 19:48:00,2010-01-04 22:28:00,220.0
2010-01-05 12:28:00,2010-01-11 17:23:00,8995.0
2010-01-12 15:30:00,2010-01-17 18:55:00,7465.0
2010-01-18 08:32:00,2010-01-19 19:04:00,2132.0
2010-01-20 16:23:00,2010-01-27 12:17:00,9894.0
2010-01-28 11:16:00,2010-01-29 21:47:00,2131.0
2010-01-30 14:36:00,2010-01-31 01:52:00,736.0
2010-01-31 15:48:00,2010-02-02 08:12:00,2484.0
2010-02-03 03:33:00,2010-02-13 10:42:00,14889.0
2010-02-14 05:21:00,2010-02-18 11:24:00,6183.0
2010-02-19 03:55:00,2010-02-19 06:32:00,217.0
2010-02-20 09:08:00,2010-02-22 20:18:00,3610.0
2010-02-23 10:17:00,2010-02-24 15:36:00,1819.0
2010-02-26 09:27:00,2010-02-26 17:17:00,530.0
2010-02-27 08:55:00,2010-02-27 19:00:00,665.0
2010-02-28 08:46:00,2010-02-28 14:22:00,396.0
2010-03-01 18:44:00,2010-03-02 09:03:00,919.0
2010-03-03 01:25:00,2010-03-03 23:33:00,1388.0
2010-03-04 12:37:00,2010-03-05 16:07:00,1710.0
2010-03-06 06:32:00,2010-03-14 01:07:00,11255.0
2010-03-14 15:32:00,2010-03-19 06:43:00,6731.0
2010-03-19 20:59:00,2010-03-20 05:32:00,573.0
2010-03-21 16:44:00,2010-03-23 02:44:00,2100.0
2010-03-23 16:05:00,2010-03-25 22:47:00,3342.0
2010-03-26 11:50:00,2010-03-26 16:32:00,342.0
2010-03-27 12:39:00,2010-03-30 21:22:00,4903.0
2010-03-31 16:08:00,2010-04-01 06:36:00,928.0
2010-04-02 12:19:00,2010-04-04 04:53:00,2494.0
2010-04-05 04:16:00,2010-04-20 09:21:00,21965.0
2010-04-22 06:56:00,2010-04-22 12:30:00,394.0
2010-04-23 02:15:00,2010-04-23 07:37:00,382.0
2010-04-23 20:41:00,2010-04-26 15:23:00,4062.0
2010-04-27 05:50:00,2010-04-30 03:57:00,4267.0
2010-04-30 21:26:00,2010-05-01 06:05:00,579.0
2010-05-01 20:28:00,2010-05-06 23:29:00,7441.0
2010-05-08 16:51:00,2010-05-12 04:27:00,5076.0
2010-05-13 07:22:00,2010-05-15 11:05:00,3163.0
2010-05-17 04:16:00,2010-05-21 16:28:00,6552.0
2010-05-22 05:52:00,2010-05-24 05:29:00,2917.0
2010-05-24 21:06:00,2010-05-28 01:41:00,4655.0
2010-05-29 07:50:00,2010-05-30 03:00:00,1210.0
2010-05-31 18:35:00,2010-06-02 00:28:00,1853.0
2010-06-02 14:13:00,2010-06-07 01:55:00,6522.0
2010-06-08 00:34:00,2010-06-08 21:15:00,1301.0
2010-06-09 17:57:00,2010-06-10 02:42:00,585.0
2010-06-12 05:21:00,2010-06-19 10:25:00,10444.0
2010-06-20 11:01:00,2010-07-04 00:25:00,19584.0
2010-07-04 14:52:00,2010-07-12 15:27:00,11615.0
2010-07-13 17:55:00,2010-07-17 01:02:00,4807.0
2010-07-18 04:30:00,2010-07-22 00:09:00,5559.0
2010-07-22 16:01:00,2010-07-24 14:05:00,2824.0
2010-07-25 04:32:00,2010-07-28 12:06:00,4834.0
2010-07-29 11:29:00,2010-07-30 02:46:00,977.0
2010-07-30 23:35:00,2010-07-31 18:04:00,1169.0
2010-08-02 03:29:00,2010-08-04 15:21:00,3652.0
2010-08-05 05:04:00,2010-08-08 09:45:00,4661.0
2010-08-09 07:22:00,2010-08-10 22:04:00,2382.0
2010-08-12 01:03:00,2010-08-12 09:20:00,557.0
2010-08-13 13:23:00,2010-08-14 02:54:00,871.0
2010-08-14 22:51:00,2010-08-15 03:19:00,328.0
2010-08-15 16:36:00,2010-08-15 21:24:00,348.0
2010-08-17 00:35:00,2010-08-17 06:55:00,440.0
2010-08-19 04:13:00,2010-08-22 02:59:00,4306.0
2010-08-22 23:49:00,2010-08-23 10:20:00,691.0
2010-08-25 11:37:00,2010-08-28 10:18:00,4301.0
2010-08-29 01:17:00,2010-08-29 15:30:00,913.0
2010-08-30 14:17:00,2010-09-03 15:55:00,5918.0
2010-09-04 08:42:00,2010-09-09 12:21:00,7479.0
2010-09-11 02:10:00,2010-09-11 05:29:00,259.0
2010-09-11 20:51:00,2010-09-12 05:23:00,572.0
2010-09-13 12:54:00,2010-09-13 22:17:00,623.0
2010-09-18 03:29:00,2010-09-18 15:28:00,779.0
2010-09-19 04:55:00,2010-09-20 02:13:00,1338.0
2010-09-21 06:40:00,2010-09-24 18:09:00,5069.0
2010-09-25 07:44:00,2010-09-26 02:08:00,1164.0
2010-09-26 17:30:00,2010-10-06 16:50:00,14420.0
2010-10-07 15:39:00,2010-10-15 20:56:00,11897.0
2010-10-16 13:26:00,2010-10-18 16:39:00,3133.0
2010-10-19 14:08:00,2010-10-20 11:03:00,1315.0
2010-10-21 04:33:00,2010-10-21 13:53:00,620.0
2010-10-22 12:37:00,2010-10-22 14:16:00,159.0
2010-10-25 07:16:00,2010-10-25 12:06:00,350.0
2010-10-26 02:32:00,2010-10-27 06:02:00,1710.0
2010-10-29 00:49:00,2010-10-30 15:57:00,2408.0
2010-10-31 10:52:00,2010-10-31 16:41:00,409.0
2010-11-01 07:34:00,2010-11-02 09:22:00,1608.0
2010-11-03 23:51:00,2010-11-04 18:49:00,1198.0
2010-11-05 15:24:00,2010-11-05 20:53:00,389.0
2010-11-06 16:47:00,2010-11-08 10:27:00,2560.0
2010-11-09 01:32:00,2010-11-11 15:38:00,3786.0
2010-11-13 06:50:00,2010-11-14 07:53:00,1563.0
2010-11-15 12:28:00,2010-11-18 11:23:00,4315.0
2010-11-20 12:14:00,2010-11-22 16:19:00,3185.0
2010-11-24 09:30:00,2010-11-25 12:07:00,1657.0
2010-11-27 10:33:00,2010-11-28 06:08:00,1235.0
2010-11-28 19:40:00,2010-11-29 00:26:00,346.0
2010-11-29 14:47:00,2010-12-02 20:01:00,4694.0
2010-12-03 15:19:00,2010-12-04 16:48:00,1589.0
2010-12-06 01:27:00,2010-12-08 10:51:00,3504.0
2010-12-08 23:52:00,2010-12-10 16:23:00,2491.0
2010-12-11 12:32:00,2010-12-11 20:42:00,550.0
2010-12-12 10:20:00,2010-12-16 04:45:00,5485.0
2010-12-17 00:44:00,2010-12-20 18:06:00,5422.0
2010-12-21 09:14:00,2010-12-22 22:13:00,2279.0
2010-12-23 23:17:00,2010-12-31 00:05:00,10188.0
2011-01-02 00:40:00,2011-01-04 13:45:00,3725.0
2011-01-05 09:05:00,2011-01-06 01:12:00,1027.0
2011-01-07 02:21:00,2011-01-07 20:32:00,1151.0
2011-01-09 04:09:00,2011-01-11 17:34:00,3745.0
2011-01-12 09:22:00,2011-01-13 15:49:00,1887.0
2011-01-14 09:23:00,2011-01-14 12:45:00,262.0
2011-01-15 06:24:00,2011-01-15 14:43:00,559.0
2011-01-16 12:10:00,2011-01-17 00:54:00,824.0
2011-01-17 15:16:00,2011-01-17 17:48:00,212.0
2011-01-18 12:33:00,2011-01-21 18:06:00,4713.0
2011-01-22 10:54:00,2011-01-25 00:55:00,3781.0
2011-01-25 23:59:00,2011-01-26 08:48:00,589.0
2011-01-26 22:27:00,2011-02-02 20:17:00,10010.0
2011-02-03 14:09:00,2011-02-03 15:56:00,167.0
2011-02-05 18:54:00,2011-02-06 13:00:00,1146.0
2011-02-07 10:53:00,2011-02-08 10:56:00,1503.0
2011-02-09 00:03:00,2011-02-10 13:31:00,2308.0
2011-02-11 05:21:00,2011-02-15 16:09:00,6468.0
2011-02-16 16:07:00,2011-03-09 08:22:00,29835.0
2011-03-10 02:46:00,2011-03-10 03:52:00,126.0
2011-03-11 02:07:00,2011-03-14 03:56:00,4489.0
2011-03-15 11:16:00,2011-03-25 12:58:00,14562.0
2011-03-26 02:55:00,2011-03-30 14:26:00,6511.0
2011-04-01 12:44:00,2011-04-01 15:41:00,237.0
2011-04-02 05:11:00,2011-04-03 05:36:00,1525.0
2011-04-03 18:57:00,2011-04-05 10:57:00,2460.0
2011-04-06 14:11:00,2011-04-12 02:04:00,7973.0
2011-04-13 21:52:00,2011-05-03 13:53:00,28381.0
2011-05-04 03:37:00,2011-05-14 10:56:00,14899.0
2011-05-16 01:47:00,2011-05-16 08:44:00,477.0
2011-05-17 18:06:00,2011-05-19 02:00:00,1974.0
2011-05-19 16:40:00,2011-05-22 10:53:00,4033.0
2011-05-23 03:18:00,2011-05-24 01:05:00,1367.0
2011-05-25 02:17:00,2011-05-26 14:47:00,2250.0
2011-05-27 22:25:00,2011-05-28 13:48:00,983.0
2011-05-29 13:07:00,2011-05-29 14:47:00,160.0
2011-05-30 11:52:00,2011-05-31 12:51:00,1559.0
2011-06-01 03:37:00,2011-06-06 04:15:00,7298.0
2011-06-07 06:17:00,2011-06-08 14:45:00,2008.0
2011-06-09 18:23:00,2011-06-11 13:28:00,2645.0
2011-06-12 03:18:00,2011-06-13 18:15:00,2397.0
2011-06-14 13:55:00,2011-06-16 16:07:00,3072.0
2011-06-17 21:57:00,2011-06-18 04:21:00,444.0
2011-06-19 03:41:00,2011-06-19 06:07:00,206.0
2011-06-20 07:16:00,2011-06-22 17:42:00,3566.0
2011-06-23 09:50:00,2011-06-29 20:59:00,9369.0
2011-06-30 22:13:00,2011-07-02 04:02:00,1849.0
2011-07-03 10:37:00,2011-07-06 16:44:00,4747.0
2011-07-07 07:08:00,2011-07-08 03:13:00,1265.0
2011-07-08 21:54:00,2011-07-09 13:13:00,979.0
2011-07-10 05:56:00,2011-07-13 04:30:00,4294.0
2011-07-14 23:05:00,2011-07-15 02:45:00,280.0
2011-07-15 19:10:00,2011-07-17 02:50:00,1960.0
2011-07-18 07:15:00,2011-07-18 12:22:00,367.0
2011-07-19 08:06:00,2011-07-21 19:57:00,3651.0
2011-07-25 07:39:00,2011-08-05 06:12:00,15813.0
2011-08-05 19:59:00,2011-08-06 16:39:00,1300.0
2011-08-07 15:58:00,2011-08-08 10:55:00,1197.0
2011-08-09 23:57:00,2011-08-10 08:30:00,573.0
2011-08-12 17:22:00,2011-08-14 11:14:00,2572.0
2011-08-15 11:35:00,2011-08-17 07:14:00,2679.0
2011-08-17 20:24:00,2011-08-18 22:12:00,1608.0
2011-08-20 01:18:00,2011-08-21 15:05:00,2327.0
2011-08-22 13:01:00,2011-08-23 23:41:00,2140.0
2011-08-24 15:23:00,2011-08-24 19:34:00,311.0
2011-08-25 09:18:00,2011-08-26 20:17:00,2159.0
2011-08-31 01:45:00,2011-09-04 11:03:00,6378.0
2011-09-05 14:24:00,2011-09-06 14:08:00,1484.0
2011-09-09 04:08:00,2011-09-11 01:07:00,2759.0
2011-09-11 14:24:00,2011-09-11 16:11:00,167.0
2011-09-12 05:36:00,2011-09-12 12:17:00,461.0
2011-09-13 06:31:00,2011-09-13 21:52:00,981.0
2011-09-15 15:31:00,2011-09-17 04:06:00,2255.0
2011-09-17 17:48:00,2011-09-18 05:29:00,761.0
2011-09-18 22:10:00,2011-09-19 14:15:00,1025.0
2011-09-20 04:04:00,2011-09-20 09:44:00,400.0
2011-09-22 22:15:00,2011-10-05 14:16:00,18301.0
2011-10-08 01:21:00,2011-10-08 09:10:00,529.0
2011-10-08 22:17:00,2011-10-09 14:29:00,1032.0
2011-10-12 06:55:00,2011-10-18 02:12:00,8417.0
2011-10-20 04:09:00,2011-10-21 10:52:00,1903.0
2011-10-22 01:25:00,2011-10-26 10:54:00,6389.0
2011-10-27 00:30:00,2011-11-03 02:29:00,10259.0
2011-11-03 15:39:00,2011-11-23 05:12:00,28233.0
2011-11-23 19:22:00,2011-11-25 10:08:00,2386.0
2011-11-28 07:40:00,2011-11-30 00:31:00,2511.0
2011-12-01 01:49:00,2011-12-01 12:49:00,720.0
2011-12-02 23:25:00,2011-12-03 06:51:00,506.0
2011-12-05 11:44:00,2011-12-07 07:07:00,2663.0
2011-12-08 10:57:00,2011-12-08 14:43:00,286.0
2011-12-09 16:55:00,2011-12-12 08:58:00,3903.0
2011-12-13 02:44:00,2011-12-13 05:08:00,204.0
2011-12-14 03:16:00,2011-12-14 11:07:00,531.0
2011-12-15 18:00:00,2011-12-15 21:20:00,260.0
2011-12-16 15:26:00,2011-12-20 00:09:00,4903.0
2011-12-20 17:12:00,2011-12-20 23:36:00,444.0
2011-12-21 13:43:00,2011-12-22 06:29:00,1066.0
2011-12-22 21:30:00,2011-12-23 17:35:00,1265.0
2011-12-24 18:10:00,2011-12-25 01:15:00,485.0
2011-12-25 16:24:00,2011-12-27 05:32:00,2288.0
2011-12-27 21:30:00,2011-12-28 15:56:00,1166.0
2011-12-30 05:31:00,2012-01-01 02:41:00,2770.0
2012-01-02 13:39:00,2012-01-03 09:18:00,1239.0
2012-01-06 05:48:00,2012-01-07 03:16:00,1348.0
2012-01-07 18:04:00,2012-01-08 00:30:00,446.0
2012-01-08 13:44:00,2012-01-09 07:23:00,1119.0
2012-01-10 05:36:00,2012-01-12 08:13:00,3097.0
2012-01-13 00:23:00,2012-01-18 14:05:00,8082.0
2012-01-19 05:30:00,2012-01-19 10:37:00,367.0
2012-01-21 04:13:00,2012-01-21 05:35:00,142.0
2012-01-22 12:57:00,2012-01-27 05:37:00,6820.0
2012-01-27 19:59:00,2012-01-29 01:10:00,1811.0
2012-01-29 23:48:00,2012-02-04 09:25:00,7837.0
2012-02-04 23:05:00,2012-02-12 03:29:00,10404.0
2012-02-12 17:19:00,2012-02-16 10:25:00,5406.0
2012-02-17 05:31:00,2012-02-18 06:09:00,1538.0
2012-02-19 09:54:00,2012-02-20 21:05:00,2171.0
2012-02-21 19:00:00,2012-02-22 16:13:00,1333.0
2012-02-23 11:24:00,2012-02-24 12:25:00,1561.0
2012-02-25 01:55:00,2012-02-27 07:00:00,3245.0
2012-02-27 21:00:00,2012-03-07 13:31:00,12571.0
2012-03-08 15:16:00,2012-03-09 22:48:00,1952.0
2012-03-10 14:01:00,2012-03-17 23:21:00,10700.0
2012-03-19 08:58:00,2012-03-31 05:33:00,17135.0
2012-03-31 18:55:00,2012-04-01 09:02:00,907.0
2012-04-02 04:29:00,2012-04-06 07:20:00,5991.0
2012-04-07 14:03:00,2012-04-09 04:43:00,2380.0
2012-04-11 16:52:00,2012-04-12 16:25:00,1473.0
2012-04-13 17:21:00,2012-04-14 22:40:00,1819.0
2012-04-15 16:08:00,2012-04-20 06:38:00,6690.0
2012-04-20 20:10:00,2012-04-21 14:51:00,1181.0
2012-04-22 13:31:00,2012-04-24 11:24:00,2813.0
2012-04-25 04:33:00,2012-04-25 22:55:00,1162.0
2012-04-27 04:11:00,2012-04-28 08:03:00,1732.0
2012-04-28 22:53:00,2012-04-29 01:50:00,237.0
2012-04-29 15:09:00,2012-05-08 18:41:00,13232.0
2012-05-11 14:08:00,2012-05-15 15:18:00,5890.0
2012-05-17 03:45:00,2012-05-19 02:04:00,2839.0
2012-05-19 17:15:00,2012-06-06 17:17:00,25982.0
2012-06-07 06:25:00,2012-06-08 00:33:00,1148.0
2012-06-09 02:39:00,2012-06-09 11:02:00,563.0
2012-06-10 02:54:00,2012-06-10 05:05:00,191.0
2012-06-10 22:37:00,2012-06-12 09:57:00,2180.0
2012-06-13 01:19:00,2012-06-15 15:03:00,3764.0
2012-06-17 22:49:00,2012-06-18 09:59:00,730.0
2012-06-19 06:09:00,2012-06-22 00:02:00,4013.0
2012-06-23 04:48:00,2012-06-23 07:45:00,237.0
2012-06-24 00:18:00,2012-06-24 05:45:00,387.0
2012-06-25 05:02:00,2012-06-25 06:53:00,171.0
2012-06-26 00:19:00,2012-06-29 03:33:00,4574.0
2012-06-30 22:59:00,2012-07-01 02:33:00,274.0
2012-07-01 17:11:00,2012-07-06 08:35:00,6744.0
2012-07-07 00:37:00,2012-07-08 16:10:00,2433.0
2012-07-10 07:07:00,2012-07-11 07:06:00,1499.0
2012-07-12 08:17:00,2012-07-12 12:56:00,339.0
2012-07-13 04:29:00,2012-07-13 21:49:00,1100.0
2012-07-15 06:18:00,2012-07-15 23:32:00,1094.0
2012-07-17 12:32:00,2012-07-18 12:59:00,1527.0
2012-07-20 03:55:00,2012-07-21 10:17:00,1882.0
2012-07-22 00:10:00,2012-07-27 21:31:00,8541.0
2012-07-29 01:31:00,2012-07-29 07:44:00,433.0
2012-07-31 18:05:00,2012-08-02 09:42:00,2437.0
2012-08-03 01:26:00,2012-08-03 16:17:00,951.0
2012-08-04 06:46:00,2012-08-04 12:35:00,409.0
2012-08-05 16:53:00,2012-08-06 03:39:00,706.0
2012-08-06 21:08:00,2012-08-07 02:50:00,402.0
2012-08-08 02:36:00,2012-08-10 18:00:00,3864.0
2012-08-11 07:04:00,2012-08-16 10:19:00,7455.0
2012-08-17 02:41:00,2012-08-22 02:02:00,7221.0
2012-08-22 16:01:00,2012-08-22 23:50:00,529.0
2012-08-23 21:59:00,2012-08-25 07:54:00,2095.0
2012-08-26 04:28:00,2012-08-26 09:39:00,371.0
2012-08-27 01:17:00,2012-08-28 13:46:00,2249.0
2012-08-29 03:11:00,2012-08-30 09:44:00,1893.0
2012-08-30 23:07:00,2012-09-06 22:23:00,10096.0
2012-09-07 12:16:00,2012-09-11 04:20:00,5344.0
2012-09-12 07:03:00,2012-09-12 15:40:00,577.0
2012-09-13 04:57:00,2012-09-14 08:59:00,1742.0
2012-09-15 06:27:00,2012-09-17 03:46:00,2779.0
2012-09-17 17:00:00,2012-09-18 00:18:00,498.0
2012-09-19 06:06:00,2012-09-19 14:24:00,558.0
2012-09-20 03:29:00,2012-09-20 10:12:00,463.0
2012-09-22 04:49:00,2012-09-22 12:07:00,498.0
2012-09-23 01:14:00,2012-09-24 08:08:00,1914.0
2012-09-25 20:48:00,2012-09-26 08:11:00,743.0
2012-09-27 03:19:00,2012-09-27 11:32:00,553.0
2012-09-28 22:19:00,2012-09-29 01:54:00,275.0
2012-09-29 23:58:00,2012-09-30 21:54:00,1376.0
2012-10-01 11:14:00,2012-10-01 17:10:00,416.0
2012-10-02 16:19:00,2012-10-03 11:35:00,1216.0
2012-10-04 14:49:00,2012-10-05 08:41:00,1132.0
2012-10-06 03:40:00,2012-10-06 07:11:00,271.0
2012-10-06 23:35:00,2012-10-07 10:32:00,717.0
2012-10-08 01:53:00,2012-10-08 21:55:00,1262.0
2012-10-09 11:12:00,2012-10-10 02:54:00,1002.0
2012-10-10 17:57:00,2012-10-11 09:40:00,1003.0
2012-10-12 00:41:00,2012-10-12 17:37:00,1076.0
2012-10-15 00:14:00,2012-10-16 12:20:00,2226.0
2012-10-17 10:58:00,2012-10-17 23:59:00,841.0
2012-10-18 15:12:00,2012-10-19 02:09:00,717.0
2012-10-19 22:30:00,2012-10-21 11:10:00,2260.0
2012-10-22 11:49:00,2012-10-25 01:25:00,3756.0
2012-10-25 14:59:00,2012-10-27 13:07:00,2828.0
2012-10-28 03:18:00,2012-10-29 04:08:00,1550.0
2012-10-30 10:41:00,2012-11-01 18:08:00,3387.0
2012-11-04 16:24:00,2012-11-04 21:44:00,380.0
2012-11-06 05:13:00,2012-11-06 11:54:00,461.0
2012-11-07 07:56:00,2012-11-08 01:00:00,1084.0
2012-11-09 00:14:00,2012-11-10 04:15:00,1741.0
2012-11-10 18:00:00,2012-11-10 21:31:00,271.0
2012-11-11 12:15:00,2012-11-12 11:06:00,1431.0
2012-11-13 00:13:00,2012-11-23 14:27:00,15314.0
2012-11-24 06:06:00,2012-11-25 08:14:00,1628.0
2012-11-26 13:55:00,2012-11-27 02:39:00,824.0
2012-11-28 06:59:00,2012-11-28 20:52:00,893.0
2012-11-30 10:08:00,2012-12-01 20:50:00,2142.0
2012-12-02 19:15:00,2012-12-03 21:46:00,1651.0
2012-12-05 00:28:00,2012-12-09 02:10:00,5922.0
2012-12-10 10:59:00,2012-12-10 13:08:00,189.0
2012-12-11 06:01:00,2012-12-14 21:42:00,5321.0
2012-12-16 09:43:00,2012-12-16 15:13:00,390.0
2012-12-17 16:08:00,2012-12-22 23:13:00,7685.0
2012-12-24 02:25:00,2012-12-24 16:01:00,876.0
2012-12-25 10:10:00,2012-12-25 12:32:00,202.0
2012-12-27 23:26:00,2012-12-28 18:06:00,1180.0
2012-12-29 19:40:00,2012-12-30 09:13:00,873.0
2013-01-01 15:01:00,2013-01-02 00:36:00,635.0
2013-01-02 14:31:00,2013-01-02 21:00:00,449.0
2013-01-03 17:59:00,2013-01-04 06:56:00,837.0
2013-01-04 20:45:00,2013-01-07 22:14:00,4469.0
2013-01-08 15:14:00,2013-01-09 04:57:00,883.0
2013-01-10 01:40:00,2013-01-10 13:57:00,797.0
2013-01-11 04:31:00,2013-01-11 07:00:00,209.0
2013-01-12 11:25:00,2013-01-14 00:00:00,2255.0
2013-01-15 11:53:00,2013-01-26 16:07:00,16154.0
2013-01-28 05:31:00,2013-01-28 23:35:00,1144.0
2013-01-29 19:21:00,2013-01-29 20:34:00,133.0
2013-01-30 20:49:00,2013-01-30 22:13:00,144.0
2013-02-01 03:40:00,2013-02-01 05:52:00,192.0
2013-02-01 21:09:00,2013-02-01 22:20:00,131.0
2013-02-02 14:18:00,2013-02-03 13:29:00,1451.0
2013-02-06 15:46:00,2013-02-06 21:32:00,406.0
2013-02-07 11:27:00,2013-02-08 03:46:00,1039.0
2013-02-08 21:07:00,2013-02-18 12:29:00,13942.0
2013-02-19 13:31:00,2013-02-24 16:52:00,7461.0
2013-02-25 09:40:00,2013-03-13 00:52:00,22572.0
2013-03-13 14:30:00,2013-03-16 12:31:00,4261.0
2013-03-17 03:05:00,2013-03-18 09:45:00,1900.0
2013-03-19 00:06:00,2013-03-19 05:32:00,386.0
2013-03-19 21:45:00,2013-03-20 02:40:00,355.0
2013-03-21 04:18:00,2013-03-29 01:02:00,11384.0
2013-03-29 14:29:00,2013-03-29 20:10:00,401.0
2013-03-30 09:50:00,2013-03-30 16:29:00,459.0
2013-03-31 07:13:00,2013-04-07 13:30:00,10517.0
2013-04-08 04:34:00,2013-04-10 11:29:00,3355.0
2013-04-11 10:59:00,2013-04-11 13:33:00,214.0
2013-04-12 10:35:00,2013-04-12 23:29:00,834.0
2013-04-13 14:35:00,2013-04-15 14:43:00,2948.0
2013-04-16 03:56:00,2013-04-16 14:23:00,687.0
2013-04-17 03:30:00,2013-04-17 19:14:00,1004.0
2013-04-18 10:56:00,2013-04-22 02:38:00,5322.0
2013-04-22 19:29:00,2013-04-23 02:14:00,465.0
2013-04-23 16:45:00,2013-04-24 17:15:00,1530.0
2013-04-25 07:09:00,2013-04-25 16:46:00,637.0
2013-04-26 15:52:00,2013-05-08 02:14:00,16522.0
2013-05-09 04:25:00,2013-05-10 12:07:00,1962.0
2013-05-11 01:22:00,2013-05-11 17:43:00,1041.0
2013-05-12 20:30:00,2013-05-13 10:37:00,907.0
2013-05-14 18:24:00,2013-05-15 17:29:00,1445.0
2013-05-16 11:20:00,2013-05-17 02:18:00,958.0
2013-05-17 16:40:00,2013-05-19 16:34:00,2934.0
2013-05-20 06:57:00,2013-05-21 13:11:00,1874.0
2013-05-23 02:06:00,2013-05-25 01:58:00,2932.0
2013-05-25 20:31:00,2013-05-26 17:39:00,1328.0
2013-05-27 12:13:00,2013-05-28 15:19:00,1686.0
2013-05-29 05:40:00,2013-05-29 09:22:00,282.0
2013-05-30 02:26:00,2013-06-12 23:20:00,20034.0
2013-06-14 19:23:00,2013-06-15 12:53:00,1110.0
2013-06-16 22:58:00,2013-06-19 03:39:00,3221.0
2013-06-20 10:55:00,2013-06-21 10:20:00,1465.0
2013-06-24 04:06:00,2013-06-27 07:36:00,4590.0
2013-06-29 21:12:00,2013-07-24 23:35:00,36203.0
2013-07-25 22:46:00,2013-07-27 17:33:00,2627.0
2013-07-28 19:44:00,2013-07-30 21:26:00,3042.0
2013-07-31 23:03:00,2013-08-01 06:12:00,489.0
2013-08-01 19:41:00,2013-08-06 02:45:00,6244.0
2013-08-06 17:52:00,2013-08-07 22:49:00,1797.0
2013-08-08 16:11:00,2013-08-10 14:12:00,2821.0
2013-08-11 03:37:00,2013-08-11 15:20:00,763.0
2013-08-13 05:13:00,2013-08-13 09:14:00,301.0
2013-08-13 22:18:00,2013-08-15 21:52:00,2914.0
2013-08-16 11:20:00,2013-08-16 16:24:00,364.0
2013-08-17 19:56:00,2013-08-18 08:37:00,821.0
2013-08-18 21:53:00,2013-08-30 05:51:00,16378.0
2013-08-31 01:43:00,2013-08-31 08:06:00,443.0
2013-08-31 22:59:00,2013-09-01 08:31:00,632.0
2013-09-03 12:32:00,2013-09-08 16:35:00,7503.0
2013-09-10 04:51:00,2013-09-10 13:42:00,591.0
2013-09-11 14:15:00,2013-09-12 00:59:00,704.0
2013-09-13 02:24:00,2013-09-14 16:26:00,2342.0
2013-09-15 12:04:00,2013-09-15 21:22:00,618.0
2013-09-17 02:31:00,2013-09-17 14:05:00,754.0
2013-09-18 09:51:00,2013-09-18 12:36:00,225.0
2013-09-19 05:07:00,2013-09-19 22:02:00,1075.0
2013-09-20 13:03:00,2013-09-25 18:25:00,7582.0
2013-09-26 13:40:00,2013-10-04 14:55:00,11655.0
2013-10-05 04:18:00,2013-10-09 15:33:00,6495.0
2013-10-10 07:19:00,2013-10-12 23:40:00,3921.0
2013-10-13 13:35:00,2013-10-15 12:34:00,2879.0
2013-10-16 03:07:00,2013-10-17 02:03:00,1436.0
2013-10-18 06:19:00,2013-10-19 09:56:00,1717.0
2013-10-20 16:15:00,2013-10-21 01:59:00,644.0
2013-10-22 12:41:00,2013-10-23 02:20:00,879.0
2013-10-24 02:54:00,2013-10-25 18:22:00,2428.0
2013-10-26 07:42:00,2013-10-26 17:30:00,648.0
2013-10-27 07:13:00,2013-10-27 10:35:00,262.0
2013-10-30 22:32:00,2013-10-31 14:49:00,1037.0
2013-11-05 00:11:00,2013-11-06 01:16:00,1565.0
2013-11-06 20:42:00,2013-11-07 10:34:00,892.0
2013-11-08 00:14:00,2013-11-09 01:16:00,1562.0
2013-11-10 18:59:00,2013-11-12 00:04:00,1805.0
2013-11-13 02:28:00,2013-11-13 03:30:00,122.0
2013-11-13 17:14:00,2013-11-16 15:08:00,4254.0
2013-11-17 04:41:00,2013-11-18 10:06:00,1825.0
2013-11-20 01:19:00,2013-11-21 14:13:00,2274.0
2013-11-23 07:17:00,2013-11-27 02:21:00,5524.0
2013-11-27 15:41:00,2013-11-29 08:34:00,2513.0
2013-11-30 09:49:00,2013-12-04 06:17:00,5608.0
2013-12-04 21:12:00,2013-12-05 07:36:00,684.0
2013-12-06 14:13:00,2013-12-08 08:57:00,2624.0
2013-12-09 20:53:00,2013-12-13 05:11:00,4878.0
2013-12-14 07:10:00,2013-12-15 03:37:00,1287.0
2013-12-15 20:35:00,2013-12-16 04:49:00,554.0
2013-12-17 00:42:00,2013-12-17 03:37:00,235.0
2013-12-17 20:00:00,2013-12-18 17:57:00,1377.0
2013-12-20 03:17:00,2013-12-20 12:58:00,641.0
2013-12-23 17:31:00,2013-12-23 18:57:00,146.0
2013-12-25 21:19:00,2013-12-26 21:03:00,1484.0
2013-12-28 05:17:00,2013-12-30 21:44:00,3927.0
2013-12-31 11:37:00,2014-01-01 07:51:00,1274.0
2014-01-01 21:57:00,2014-01-02 04:34:00,457.0
2014-01-03 06:37:00,2014-01-03 11:43:00,366.0
2014-01-04 10:17:00,2014-01-06 05:23:00,2646.0
2014-01-07 14:28:00,2014-01-07 16:38:00,190.0
2014-01-08 06:37:00,2014-01-08 14:25:00,528.0
2014-01-10 16:15:00,2014-01-11 07:49:00,994.0
2014-01-12 09:11:00,2014-01-13 10:01:00,1550.0
2014-01-14 03:06:00,2014-01-14 04:52:00,166.0
2014-01-14 20:24:00,2014-01-16 01:22:00,1798.0
2014-01-18 20:36:00,2014-01-20 12:08:00,2432.0
2014-01-21 02:46:00,2014-01-21 04:25:00,159.0
2014-01-22 08:45:00,2014-01-27 03:47:00,6962.0
2014-01-27 20:13:00,2014-01-29 09:28:00,2295.0
2014-01-30 02:27:00,2014-01-30 05:57:00,270.0
2014-01-30 19:15:00,2014-02-01 10:30:00,2415.0
2014-02-02 04:59:00,2014-02-06 02:23:00,5664.0
2014-02-08 07:17:00,2014-02-08 13:36:00,439.0
2014-02-10 11:08:00,2014-02-11 08:07:00,1319.0
2014-02-12 14:11:00,2014-02-12 22:53:00,582.0
2014-02-13 14:22:00,2014-02-14 23:54:00,2072.0
2014-02-16 21:31:00,2014-02-18 17:11:00,2680.0
2014-02-19 21:28:00,2014-02-19 23:26:00,178.0
2014-02-20 12:34:00,2014-02-20 16:24:00,290.0
2014-02-22 04:20:00,2014-02-22 16:51:00,811.0
2014-02-23 06:14:00,2014-03-01 22:44:00,9690.0
2014-03-02 16:44:00,2014-03-07 15:25:00,7181.0
2014-03-08 06:19:00,2014-03-14 19:27:00,9488.0
2014-03-15 10:42:00,2014-03-18 05:22:00,4060.0
2014-03-19 03:02:00,2014-03-19 07:13:00,311.0
2014-03-19 21:24:00,2014-03-21 02:32:00,1808.0
2014-03-21 16:22:00,2014-03-22 13:37:00,1335.0
2014-03-24 03:40:00,2014-03-25 20:36:00,2516.0
2014-03-26 15:59:00,2014-04-04 20:26:00,13287.0
2014-04-05 20:50:00,2014-04-06 13:40:00,1070.0
2014-04-07 11:10:00,2014-04-07 23:00:00,770.0
2014-04-08 21:32:00,2014-04-11 01:15:00,3163.0
2014-04-11 16:40:00,2014-04-12 16:43:00,1503.0
2014-04-13 12:54:00,2014-04-13 21:43:00,589.0
2014-04-14 15:48:00,2014-04-17 15:48:00,4380.0
2014-04-18 22:11:00,2014-04-23 03:19:00,6128.0
2014-04-24 03:28:00,2014-05-07 01:37:00,18669.0
2014-05-07 21:14:00,2014-05-08 05:19:00,545.0
2014-05-10 05:05:00,2014-05-10 14:16:00,611.0
2014-05-13 02:10:00,2014-05-18 15:47:00,8077.0
2014-05-19 07:20:00,2014-05-22 22:53:00,5313.0
2014-05-24 04:35:00,2014-06-05 08:15:00,17560.0
2014-06-06 21:52:00,2014-06-08 05:12:00,1940.0
2014-06-09 04:31:00,2014-06-11 04:33:00,2942.0
2014-06-11 18:03:00,2014-06-13 06:08:00,2225.0
2014-06-14 04:48:00,2014-06-24 14:14:00,15026.0
2014-06-25 04:50:00,2014-06-26 11:00:00,1870.0
2014-06-27 02:48:00,2014-06-27 16:25:00,877.0
2014-06-28 21:57:00,2014-07-01 11:36:00,3759.0
2014-07-02 08:09:00,2014-07-02 09:18:00,129.0
2014-07-02 23:20:00,2014-07-05 15:39:00,3919.0
2014-07-06 12:52:00,2014-07-09 01:22:00,3690.0
2014-07-09 19:30:00,2014-07-10 11:10:00,1000.0
2014-07-11 00:16:00,2014-07-13 22:01:00,4245.0
2014-07-15 04:56:00,2014-07-27 15:11:00,17955.0
2014-07-28 04:59:00,2014-08-03 07:50:00,8871.0
2014-08-03 23:17:00,2014-08-09 07:27:00,7750.0
2014-08-10 01:13:00,2014-08-10 18:38:00,1105.0
2014-08-11 22:35:00,2014-08-12 00:01:00,146.0
2014-08-13 05:23:00,2014-08-14 11:40:00,1877.0
2014-08-15 00:59:00,2014-08-17 01:25:00,2966.0
2014-08-18 23:34:00,2014-08-21 00:38:00,3004.0
2014-08-22 00:26:00,2014-08-22 08:26:00,540.0
2014-08-23 06:30:00,2014-08-23 10:20:00,290.0
2014-08-24 05:10:00,2014-08-24 11:35:00,445.0
2014-08-26 03:05:00,2014-08-29 04:21:00,4456.0
2014-09-01 02:32:00,2014-09-06 22:55:00,8483.0
2014-09-07 12:25:00,2014-09-07 15:32:00,247.0
2014-09-08 05:01:00,2014-09-08 09:15:00,314.0
2014-09-08 22:55:00,2014-09-13 23:42:00,7307.0
2014-09-15 17:32:00,2014-09-21 02:41:00,7809.0
2014-09-21 16:44:00,2014-09-22 01:25:00,581.0
2014-09-22 15:59:00,2014-09-24 12:02:00,2703.0
2014-09-25 05:01:00,2014-09-25 09:50:00,349.0
2014-09-26 03:06:00,2014-09-30 03:03:00,5817.0
2014-10-01 04:54:00,2014-10-01 20:42:00,1008.0
2014-10-02 13:09:00,2014-10-03 03:52:00,943.0
2014-10-03 18:36:00,2014-10-07 08:34:00,5218.0
2014-10-08 17:32:00,2014-10-09 02:38:00,606.0
2014-10-09 16:48:00,2014-10-11 19:37:00,3109.0
2014-10-12 10:25:00,2014-10-13 09:37:00,1452.0
2014-10-14 06:20:00,2014-10-14 16:23:00,663.0
2014-10-16 13:40:00,2014-10-17 01:49:00,789.0
2014-10-18 03:12:00,2014-10-19 03:02:00,1490.0
2014-10-20 15:29:00,2014-10-20 21:26:00,417.0
2014-10-22 06:42:00,2014-10-22 20:22:00,880.0
2014-10-23 12:47:00,2014-10-24 20:50:00,1983.0
2014-10-25 23:27:00,2014-10-29 06:32:00,4805.0
2014-10-29 20:27:00,2014-11-02 09:18:00,5151.0
2014-11-02 22:35:00,2014-11-03 03:34:00,359.0
2014-11-03 18:33:00,2014-11-04 01:58:00,505.0
2014-11-04 17:30:00,2014-11-05 11:10:00,1120.0
2014-11-06 12:56:00,2014-11-10 08:38:00,5562.0
2014-11-11 00:29:00,2014-11-12 12:28:00,2219.0
2014-11-13 04:40:00,2014-11-16 11:30:00,4790.0
2014-11-17 20:06:00,2014-11-18 09:58:00,892.0
2014-11-18 23:52:00,2014-11-19 04:22:00,330.0
2014-11-19 17:41:00,2014-11-20 17:09:00,1468.0
2014-11-21 22:14:00,2014-11-22 14:03:00,1009.0
2014-11-23 22:49:00,2014-11-24 01:25:00,216.0
2014-11-25 05:10:00,2014-12-04 17:25:00,13755.0
2014-12-05 18:06:00,2014-12-05 19:25:00,139.0
2014-12-06 12:32:00,2014-12-07 07:21:00,1189.0
2014-12-08 06:24:00,2014-12-10 01:16:00,2632.0
2014-12-13 12:27:00,2014-12-15 02:01:00,2314.0
2014-12-16 05:03:00,2014-12-16 06:08:00,125.0
2014-12-16 22:44:00,2014-12-17 10:14:00,750.0
2014-12-18 00:10:00,2014-12-18 11:45:00,755.0
2014-12-21 02:55:00,2014-12-21 12:28:00,633.0
2014-12-22 22:40:00,2014-12-23 09:27:00,707.0
2014-12-25 23:39:00,2014-12-29 14:17:00,5258.0
2014-12-30 05:28:00,2015-01-01 21:10:00,3882.0
2015-01-03 21:35:00,2015-01-04 20:05:00,1410.0
2015-01-05 09:54:00,2015-01-05 22:36:00,822.0
2015-01-06 12:13:00,2015-01-06 23:19:00,726.0
2015-01-09 00:46:00,2015-01-09 04:02:00,256.0
2015-01-09 21:51:00,2015-01-10 02:18:00,327.0
2015-01-12 02:27:00,2015-01-12 03:47:00,140.0
2015-01-13 22:14:00,2015-01-14 05:38:00,504.0
2015-01-14 23:27:00,2015-01-15 04:55:00,388.0
2015-01-17 02:04:00,2015-01-17 10:56:00,592.0
2015-01-18 02:27:00,2015-01-19 06:25:00,1738.0
2015-01-20 20:51:00,2015-01-24 06:08:00,4937.0
2015-01-24 23:49:00,2015-01-26 05:38:00,1849.0
2015-01-27 04:15:00,2015-01-28 05:34:00,1579.0
2015-01-30 08:28:00,2015-02-01 10:31:00,3063.0
2015-02-02 00:22:00,2015-02-02 06:41:00,439.0
2015-02-03 15:30:00,2015-02-05 00:40:00,2050.0
2015-02-05 14:26:00,2015-02-20 03:59:00,21033.0
2015-02-22 05:49:00,2015-02-23 02:23:00,1294.0
2015-02-23 23:24:00,2015-02-25 10:30:00,2166.0
2015-02-26 00:05:00,2015-02-27 01:44:00,1599.0
2015-02-28 01:39:00,2015-03-01 01:06:00,1467.0
2015-03-03 06:30:00,2015-03-03 11:06:00,336.0
2015-03-05 05:51:00,2015-03-10 00:36:00,6945.0
2015-03-10 16:20:00,2015-03-20 22:08:00,14808.0
2015-03-22 02:31:00,2015-03-24 04:31:00,3060.0
2015-03-24 22:41:00,2015-03-26 01:02:00,1641.0
2015-03-26 18:13:00,2015-03-28 18:08:00,2935.0
2015-03-30 16:52:00,2015-03-31 00:29:00,517.0
2015-04-01 10:24:00,2015-04-01 14:00:00,276.0
2015-04-02 03:10:00,2015-04-11 16:08:00,13798.0
2015-04-12 09:30:00,2015-04-12 17:25:00,535.0
2015-04-13 22:20:00,2015-04-14 06:48:00,568.0
2015-04-14 21:47:00,2015-04-25 12:42:00,15355.0
2015-04-27 01:45:00,2015-04-30 04:22:00,4537.0
2015-05-01 05:56:00,2015-05-01 09:33:00,277.0
2015-05-02 00:52:00,2015-05-03 16:54:00,2462.0
2015-05-04 18:00:00,2015-05-05 04:54:00,714.0
2015-05-06 07:05:00,2015-05-06 10:31:00,266.0
2015-05-07 15:12:00,2015-05-09 09:40:00,2608.0
2015-05-10 09:39:00,2015-05-12 13:52:00,3193.0
2015-05-13 03:31:00,2015-05-16 12:15:00,4904.0
2015-05-17 02:50:00,2015-05-17 11:03:00,553.0
2015-05-18 04:48:00,2015-05-18 09:56:00,368.0
2015-05-19 09:03:00,2015-05-19 10:18:00,135.0
2015-05-20 07:49:00,2015-05-20 09:17:00,148.0
2015-05-21 01:30:00,2015-05-22 23:18:00,2808.0
2015-05-23 13:12:00,2015-05-25 02:04:00,2272.0
2015-05-25 19:58:00,2015-05-26 07:52:00,774.0
2015-05-26 21:01:00,2015-05-29 11:23:00,3802.0
2015-05-30 09:49:00,2015-05-30 10:51:00,122.0
2015-05-31 06:36:00,2015-05-31 13:56:00,500.0
2015-06-01 13:49:00,2015-06-02 01:27:00,758.0
2015-06-03 10:07:00,2015-06-13 07:38:00,14311.0
2015-06-14 13:45:00,2015-06-17 13:01:00,4336.0
2015-06-18 12:50:00,2015-06-19 16:43:00,1733.0
2015-06-20 05:57:00,2015-06-21 21:08:00,2411.0
2015-06-22 23:32:00,2015-06-27 10:14:00,6462.0
2015-06-28 05:09:00,2015-06-28 17:38:00,809.0
2015-06-29 14:32:00,2015-07-05 13:42:00,8650.0
2015-07-06 10:53:00,2015-07-07 13:37:00,1664.0
2015-07-08 09:31:00,2015-07-08 13:57:00,326.0
2015-07-09 21:39:00,2015-07-11 19:40:00,2821.0
2015-07-12 08:53:00,2015-07-19 18:02:00,10689.0
2015-07-20 08:52:00,2015-07-21 02:16:00,1104.0
2015-07-21 18:05:00,2015-07-24 22:57:00,4672.0
2015-07-26 12:45:00,2015-07-26 22:22:00,637.0
2015-07-30 05:28:00,2015-07-30 13:33:00,545.0
2015-07-31 02:48:00,2015-08-04 14:21:00,6513.0
2015-08-05 08:28:00,2015-08-08 01:08:00,3940.0
2015-08-08 18:33:00,2015-08-10 18:31:00,2938.0
2015-08-11 17:59:00,2015-08-14 13:52:00,4133.0
2015-08-16 02:29:00,2015-08-24 05:14:00,11745.0
2015-08-24 18:18:00,2015-08-24 19:44:00,146.0
2015-08-26 03:31:00,2015-08-27 01:38:00,1387.0
2015-08-28 09:31:00,2015-08-28 10:47:00,136.0
2015-08-28 23:55:00,2015-08-30 16:38:00,2503.0
2015-09-01 10:04:00,2015-09-02 12:03:00,1619.0
2015-09-03 01:07:00,2015-09-03 10:18:00,611.0
2015-09-04 10:39:00,2015-09-04 16:19:00,400.0
2015-09-06 13:35:00,2015-09-11 09:57:00,7042.0
2015-09-12 11:28:00,2015-09-12 23:42:00,794.0
2015-09-14 11:26:00,2015-09-14 13:14:00,168.0
2015-09-15 07:29:00,2015-09-15 11:04:00,275.0
2015-09-16 09:07:00,2015-09-16 17:54:00,587.0
2015-09-17 08:57:00,2015-09-17 14:40:00,403.0
2015-09-18 05:20:00,2015-09-19 03:17:00,1377.0
2015-09-19 16:53:00,2015-09-21 13:16:00,2723.0
2015-09-23 01:16:00,2015-09-23 21:53:00,1297.0
2015-09-24 13:49:00,2015-09-24 15:25:00,156.0
2015-09-25 08:10:00,2015-10-06 18:38:00,16528.0
2015-10-09 11:17:00,2015-10-14 21:52:00,7895.0
2015-10-16 07:03:00,2015-10-16 15:18:00,555.0
2015-10-17 05:37:00,2015-10-17 14:20:00,583.0
2015-10-18 18:21:00,2015-10-22 09:15:00,5274.0
2015-10-23 00:07:00,2015-11-05 08:00:00,19253.0
2015-11-06 20:20:00,2015-11-06 21:40:00,140.0
2015-11-08 11:16:00,2015-11-08 22:16:00,720.0
2015-11-09 15:26:00,2015-11-09 20:44:00,378.0
2015-11-10 14:44:00,2015-11-11 11:12:00,1288.0
2015-11-12 13:23:00,2015-11-13 08:37:00,1214.0
2015-11-15 03:51:00,2015-11-15 05:06:00,135.0
2015-11-15 20:01:00,2015-11-15 23:59:00,298.0
2015-11-17 01:54:00,2015-11-17 02:54:00,120.0
2015-11-21 15:51:00,2015-11-21 23:34:00,523.0
2015-11-23 02:46:00,2015-11-24 06:39:00,1733.0
2015-11-25 11:40:00,2015-11-27 20:37:00,3477.0
2015-11-28 20:39:00,2015-11-28 22:25:00,166.0
2015-11-30 14:14:00,2015-11-30 17:32:00,258.0
2015-12-01 07:14:00,2015-12-01 20:17:00,843.0
2015-12-02 16:13:00,2015-12-03 05:55:00,882.0
2015-12-04 19:31:00,2015-12-05 21:49:00,1638.0
2015-12-06 13:08:00,2015-12-07 21:48:00,2020.0
2015-12-08 15:22:00,2015-12-08 21:31:00,429.0
2015-12-09 13:30:00,2015-12-10 15:49:00,1639.0
2015-12-12 12:01:00,2015-12-12 17:22:00,381.0
2015-12-13 15:30:00,2015-12-14 13:48:00,1398.0
2015-12-15 14:40:00,2015-12-16 19:45:00,1805.0
2015-12-18 18:20:00,2015-12-21 10:01:00,3881.0
2015-12-24 01:43:00,2015-12-24 18:22:00,1059.0
2015-12-25 16:58:00,2015-12-25 19:59:00,241.0
2015-12-27 21:19:00,2015-12-31 10:51:00,5192.0
2016-01-01 01:38:00,2016-01-08 00:13:00,10055.0
2016-01-09 01:50:00,2016-01-10 09:49:00,1979.0
2016-01-11 01:57:00,2016-01-12 03:16:00,1579.0
2016-01-13 17:15:00,2016-01-13 23:35:00,440.0
2016-01-14 14:32:00,2016-01-18 08:39:00,5467.0
2016-01-18 21:50:00,2016-01-19 15:46:00,1136.0
2016-01-20 04:54:00,2016-01-23 00:35:00,4121.0
2016-01-23 18:50:00,2016-01-24 16:06:00,1336.0
2016-01-25 16:37:00,2016-01-26 17:35:00,1558.0
2016-01-27 11:08:00,2016-01-27 12:15:00,127.0
2016-01-28 05:19:00,2016-01-29 01:17:00,1258.0
2016-02-01 05:31:00,2016-02-01 07:25:00,174.0
2016-02-02 10:19:00,2016-02-02 17:37:00,498.0
2016-02-03 23:43:00,2016-02-05 09:51:00,2108.0
2016-02-06 00:56:00,2016-02-07 14:54:00,2338.0
2016-02-11 06:57:00,2016-02-20 03:15:00,12798.0
2016-02-22 17:21:00,2016-03-01 18:38:00,11657.0
2016-03-03 06:32:00,2016-03-03 21:43:00,971.0
2016-03-04 10:49:00,2016-03-05 04:27:00,1118.0
2016-03-07 04:56:00,2016-03-07 07:44:00,228.0
2016-03-07 23:32:00,2016-03-21 14:44:00,19692.0
2016-03-22 06:17:00,2016-03-24 18:16:00,3659.0
2016-03-25 21:33:00,2016-03-27 09:52:00,2239.0
2016-03-28 07:07:00,2016-03-28 14:15:00,488.0
2016-03-29 04:42:00,2016-03-30 05:29:00,1547.0
2016-03-30 21:48:00,2016-04-04 17:06:00,6978.0
2016-04-05 06:49:00,2016-04-05 10:49:00,300.0
2016-04-06 12:06:00,2016-04-06 13:36:00,150.0
2016-04-08 23:06:00,2016-04-12 03:01:00,4615.0
2016-04-12 23:00:00,2016-04-15 00:09:00,3009.0
2016-04-15 14:27:00,2016-04-16 10:08:00,1241.0
2016-04-17 00:22:00,2016-04-18 15:30:00,2408.0
2016-04-19 19:50:00,2016-04-24 13:00:00,6850.0
2016-04-25 08:29:00,2016-04-25 10:27:00,178.0
2016-04-26 17:54:00,2016-04-27 00:50:00,476.0
2016-04-28 00:55:00,2016-04-29 11:30:00,2135.0
2016-04-30 21:54:00,2016-05-03 05:04:00,3370.0
2016-05-03 23:11:00,2016-05-13 10:52:00,13721.0
2016-05-14 00:16:00,2016-05-15 09:02:00,2026.0
2016-05-16 07:20:00,2016-05-19 20:47:00,5187.0
2016-05-20 09:55:00,2016-05-21 15:01:00,1806.0
2016-05-22 10:38:00,2016-05-22 21:24:00,706.0
2016-05-23 20:18:00,2016-05-24 07:52:00,754.0
2016-05-24 21:12:00,2016-05-29 22:53:00,7361.0
2016-05-30 20:15:00,2016-05-31 12:26:00,1031.0
2016-06-01 01:45:00,2016-06-07 00:49:00,8644.0
2016-06-07 14:40:00,2016-06-13 00:54:00,7874.0
2016-06-14 02:13:00,2016-06-15 06:36:00,1763.0
2016-06-16 11:51:00,2016-06-17 14:54:00,1683.0
2016-06-18 06:24:00,2016-06-20 14:38:00,3434.0
2016-06-21 14:50:00,2016-06-22 04:26:00,876.0
2016-06-22 22:50:00,2016-06-25 08:53:00,3543.0
2016-06-26 08:03:00,2016-06-27 15:19:00,1936.0
2016-06-28 05:32:00,2016-06-29 04:55:00,1463.0
2016-07-02 15:53:00,2016-07-03 01:41:00,648.0
2016-07-04 01:07:00,2016-07-04 02:55:00,168.0
2016-07-04 20:58:00,2016-07-05 07:56:00,718.0
2016-07-06 09:36:00,2016-07-08 13:05:00,3149.0
2016-07-09 07:04:00,2016-07-10 01:02:00,1138.0
2016-07-11 08:48:00,2016-07-11 18:12:00,624.0
2016-07-12 11:06:00,2016-07-14 09:54:00,2868.0
2016-07-15 00:07:00,2016-07-16 06:56:00,1909.0
2016-07-16 20:20:00,2016-07-17 08:42:00,802.0
2016-07-18 05:19:00,2016-07-25 12:48:00,10589.0
2016-07-26 03:10:00,2016-07-27 17:53:00,2383.0
2016-07-28 12:29:00,2016-07-29 05:45:00,1096.0
2016-07-30 21:50:00,2016-08-01 07:56:00,2106.0
2016-08-02 14:38:00,2016-08-03 10:38:00,1260.0
2016-08-04 03:29:00,2016-08-04 07:39:00,310.0
2016-08-05 04:30:00,2016-08-06 07:05:00,1655.0
2016-08-06 21:33:00,2016-08-07 15:14:00,1121.0
2016-08-08 04:29:00,2016-08-08 06:06:00,157.0
2016-08-08 19:32:00,2016-08-10 07:50:00,2238.0
2016-08-10 20:59:00,2016-08-13 14:48:00,4009.0
2016-08-14 04:30:00,2016-08-14 09:14:00,344.0
2016-08-14 22:27:00,2016-08-20 11:42:00,8055.0
2016-08-21 01:00:00,2016-08-22 07:04:00,1864.0
2016-08-23 10:24:00,2016-08-28 00:51:00,6687.0
2016-08-29 07:49:00,2016-09-01 08:07:00,4398.0
2016-09-01 22:31:00,2016-09-02 17:51:00,1220.0
2016-09-03 12:10:00,2016-09-03 17:12:00,362.0
2016-09-05 10:34:00,2016-09-20 03:51:00,21257.0
2016-09-20 17:37:00,2016-09-21 02:20:00,583.0
2016-09-21 15:49:00,2016-09-26 05:24:00,6635.0
2016-09-26 19:34:00,2016-09-29 02:25:00,3351.0
2016-10-01 09:16:00,2016-10-01 22:14:00,838.0
2016-10-02 23:05:00,2016-10-03 00:10:00,125.0
2016-10-03 19:43:00,2016-10-08 00:31:00,6108.0
2016-10-08 13:51:00,2016-10-08 15:53:00,182.0
2016-10-10 04:25:00,2016-10-10 09:48:00,383.0
2016-10-11 03:51:00,2016-10-12 22:57:00,2646.0
2016-10-13 15:02:00,2016-10-15 09:57:00,2635.0
2016-10-16 07:50:00,2016-10-18 16:37:00,3467.0
2016-10-20 16:29:00,2016-10-21 00:53:00,564.0
2016-10-23 06:39:00,2016-10-23 09:37:00,238.0
2016-10-24 13:30:00,2016-10-26 21:26:00,3416.0
2016-10-27 14:00:00,2016-10-28 04:45:00,945.0
2016-10-28 19:57:00,2016-11-02 04:07:00,6310.0
2016-11-02 17:34:00,2016-11-03 17:09:00,1475.0
2016-11-06 10:58:00,2016-11-08 04:24:00,2546.0
2016-11-08 18:06:00,2016-11-08 22:31:00,325.0
2016-11-10 01:36:00,2016-11-14 14:15:00,6579.0
2016-11-15 10:06:00,2016-11-16 12:36:00,1650.0
2016-11-20 04:35:00,2016-11-20 11:31:00,476.0
2016-11-21 07:31:00,2016-11-21 12:55:00,384.0
2016-11-22 03:40:00,2016-11-30 00:36:00,11396.0
2016-12-01 18:31:00,2016-12-07 08:37:00,8106.0
2016-12-08 01:35:00,2016-12-08 04:09:00,214.0
2016-12-08 17:29:00,2016-12-09 15:01:00,1352.0
2016-12-10 18:41:00,2016-12-11 00:12:00,391.0
2016-12-12 08:34:00,2016-12-18 00:21:00,8207.0
2016-12-18 14:33:00,2016-12-23 02:35:00,6542.0
2016-12-23 17:36:00,2016-12-23 21:18:00,282.0
2016-12-25 23:22:00,2016-12-26 03:11:00,289.0
2016-12-27 03:59:00,2017-01-01 03:22:00,7223.0
2017-01-02 00:34:00,2017-01-02 16:20:00,1006.0
2017-01-03 06:21:00,2017-01-03 07:53:00,152.0
2017-01-04 10:47:00,2017-01-05 07:13:00,1286.0
2017-01-05 20:30:00,2017-01-07 02:40:00,1870.0
2017-01-07 22:36:00,2017-01-09 05:58:00,1942.0
2017-01-09 19:59:00,2017-01-09 22:16:00,197.0
2017-01-10 12:25:00,2017-01-11 05:59:00,1114.0
2017-01-12 18:49:00,2017-01-14 02:45:00,1976.0
2017-01-14 16:07:00,2017-01-29 11:26:00,21379.0
2017-01-30 04:18:00,2017-01-30 05:18:00,120.0
2017-01-31 03:37:00,2017-02-04 01:57:00,5720.0
2017-02-04 16:25:00,2017-02-05 16:51:00,1526.0
2017-02-06 11:03:00,2017-02-07 09:03:00,1380.0
2017-02-07 23:39:00,2017-02-08 06:37:00,478.0
2017-02-09 00:39:00,2017-02-19 02:05:00,14546.0
2017-02-19 23:15:00,2017-02-20 07:57:00,582.0
2017-02-21 04:37:00,2017-02-21 23:43:00,1206.0
2017-02-22 17:13:00,2017-02-23 10:43:00,1110.0
2017-02-24 14:45:00,2017-02-25 11:02:00,1277.0
2017-03-02 22:00:00,2017-03-04 03:23:00,1823.0
2017-03-04 17:28:00,2017-03-05 07:58:00,930.0
2017-03-05 23:12:00,2017-03-08 11:27:00,3675.0
2017-03-09 03:46:00,2017-03-09 15:33:00,767.0
2017-03-10 08:28:00,2017-03-17 11:22:00,10314.0
2017-03-18 20:25:00,2017-03-19 09:35:00,850.0
2017-03-20 08:50:00,2017-03-20 12:41:00,291.0
2017-03-21 08:38:00,2017-03-21 09:46:00,128.0
2017-03-22 07:43:00,2017-03-29 03:07:00,9864.0
2017-03-29 16:21:00,2017-03-30 05:00:00,819.0
2017-03-30 23:57:00,2017-04-11 16:42:00,16905.0
2017-04-14 03:33:00,2017-04-14 08:20:00,347.0
2017-04-16 11:13:00,2017-04-16 16:32:00,379.0
2017-04-17 09:04:00,2017-04-17 13:46:00,342.0
2017-04-18 05:35:00,2017-04-21 14:21:00,4906.0
2017-04-22 05:27:00,2017-04-24 09:22:00,3175.0
2017-04-24 23:02:00,2017-04-25 11:18:00,796.0
2017-04-26 00:41:00,2017-04-26 10:54:00,673.0
2017-04-27 02:49:00,2017-04-27 17:11:00,922.0
2017-04-29 16:23:00,2017-05-09 22:14:00,14811.0
2017-05-11 13:33:00,2017-05-13 19:06:00,3273.0
2017-05-14 10:42:00,2017-05-15 02:14:00,992.0
2017-05-15 15:53:00,2017-05-15 23:35:00,522.0
2017-05-17 10:28:00,2017-05-18 20:37:00,2109.0
2017-05-19 11:18:00,2017-05-23 12:14:00,5876.0
2017-05-24 05:06:00,2017-05-28 06:45:00,5919.0
2017-05-28 20:01:00,2017-05-30 05:22:00,2061.0
2017-05-30 18:30:00,2017-06-06 14:35:00,9905.0
2017-06-08 10:39:00,2017-06-08 14:16:00,277.0
2017-06-10 06:29:00,2017-06-11 20:21:00,2332.0
2017-06-12 23:32:00,2017-06-15 21:03:00,4231.0
2017-06-16 10:06:00,2017-06-22 05:54:00,8448.0
2017-06-22 21:22:00,2017-06-24 10:37:00,2295.0
2017-06-25 00:20:00,2017-06-29 07:21:00,6241.0
2017-07-01 15:53:00,2017-07-03 06:14:00,2361.0
2017-07-04 08:45:00,2017-07-07 01:35:00,3950.0
2017-07-07 14:40:00,2017-07-08 00:54:00,674.0
2017-07-08 14:45:00,2017-07-11 07:09:00,3924.0
2017-07-11 22:58:00,2017-07-12 02:41:00,283.0
2017-07-12 16:34:00,2017-07-16 04:21:00,5087.0
2017-07-17 00:20:00,2017-07-20 13:26:00,5166.0
2017-07-21 06:29:00,2017-07-22 13:34:00,1925.0
2017-07-24 00:40:00,2017-07-25 02:33:00,1613.0
2017-07-26 01:44:00,2017-07-27 08:00:00,1876.0
2017-07-27 22:40:00,2017-07-29 02:52:00,1752.0
2017-07-29 22:37:00,2017-07-30 00:02:00,145.0
2017-07-31 18:32:00,2017-08-03 03:15:00,3463.0
2017-08-05 12:13:00,2017-08-08 19:57:00,4844.0
2017-08-09 10:26:00,2017-08-12 06:33:00,4147.0
2017-08-13 10:59:00,2017-08-15 17:03:00,3304.0
2017-08-16 09:41:00,2017-08-17 14:04:00,1763.0
2017-08-18 06:07:00,2017-08-18 18:15:00,788.0
2017-08-19 13:46:00,2017-08-20 06:21:00,1055.0
2017-08-21 03:56:00,2017-08-24 08:04:00,4628.0
2017-08-24 21:11:00,2017-08-27 01:38:00,3207.0
2017-08-27 15:22:00,2017-08-30 02:38:00,3616.0
2017-08-31 19:56:00,2017-09-05 23:28:00,7472.0
2017-09-07 03:00:00,2017-09-08 00:22:00,1342.0
2017-09-09 03:55:00,2017-09-09 09:02:00,367.0
2017-09-10 02:23:00,2017-09-11 04:19:00,1616.0
2017-09-11 18:28:00,2017-09-12 08:30:00,902.0
2017-09-13 05:19:00,2017-09-13 06:36:00,137.0
2017-09-15 04:26:00,2017-09-15 09:14:00,348.0
2017-09-16 01:30:00,2017-09-19 17:43:00,5353.0
2017-09-21 16:45:00,2017-09-27 10:02:00,8297.0
2017-09-28 02:02:00,2017-09-28 08:42:00,460.0
2017-09-29 04:20:00,2017-09-30 12:09:00,1969.0
2017-10-01 16:49:00,2017-10-02 02:27:00,638.0
2017-10-04 05:08:00,2017-10-04 08:07:00,239.0
2017-10-05 23:04:00,2017-10-07 06:14:00,1930.0
2017-10-08 04:25:00,2017-10-10 07:22:00,3117.0
2017-10-13 03:59:00,2017-10-18 11:47:00,7728.0
2017-10-19 11:29:00,2017-10-20 08:35:00,1326.0
2017-10-21 07:39:00,2017-10-21 18:30:00,711.0
2017-10-22 10:06:00,2017-10-22 17:36:00,510.0
2017-10-23 11:01:00,2017-10-24 11:39:00,1538.0
2017-10-25 22:38:00,2017-10-28 20:28:00,4250.0
2017-10-29 16:23:00,2017-10-31 22:07:00,3284.0
2017-11-01 13:37:00,2017-11-01 23:39:00,662.0
2017-11-02 14:30:00,2017-11-04 22:48:00,3438.0
2017-11-05 12:23:00,2017-11-09 15:34:00,6011.0
2017-11-11 02:48:00,2017-11-11 06:47:00,299.0
2017-11-11 21:50:00,2017-11-11 23:49:00,179.0
2017-11-12 13:06:00,2017-11-14 05:19:00,2473.0
2017-11-14 23:27:00,2017-11-16 07:17:00,1970.0
2017-11-17 08:50:00,2017-11-17 22:07:00,857.0
2017-11-19 15:28:00,2017-11-20 02:22:00,714.0
2017-11-20 15:43:00,2017-11-21 21:32:00,1849.0
2017-11-23 00:44:00,2017-11-23 11:07:00,683.0
2017-11-24 01:42:00,2017-11-24 06:47:00,365.0
2017-11-24 22:45:00,2017-11-26 04:27:00,1842.0
2017-11-29 01:28:00,2017-12-01 03:06:00,3038.0
2017-12-01 23:27:00,2017-12-02 19:39:00,1272.0
2017-12-03 18:15:00,2017-12-07 12:18:00,5463.0
2017-12-08 06:16:00,2017-12-08 23:26:00,1090.0
2017-12-09 14:00:00,2017-12-10 01:27:00,747.0
2017-12-11 06:53:00,2017-12-11 15:47:00,594.0
2017-12-12 21:08:00,2017-12-13 12:11:00,963.0
2017-12-14 17:27:00,2017-12-15 08:16:00,949.0
2017-12-15 23:07:00,2017-12-24 08:24:00,12137.0
2017-12-25 18:07:00,2017-12-26 08:29:00,922.0
2017-12-27 10:53:00,2017-12-27 13:16:00,203.0
2017-12-28 09:35:00,2017-12-29 02:43:00,1088.0
2017-12-30 00:30:00,2017-12-30 04:38:00,308.0
2018-01-02 06:23:00,2018-01-03 00:41:00,1158.0
2018-01-03 21:32:00,2018-01-03 23:06:00,154.0
2018-01-04 14:42:00,2018-01-04 21:06:00,444.0
2018-01-05 16:35:00,2018-01-06 01:43:00,608.0
2018-01-06 18:29:00,2018-01-10 05:03:00,5014.0
2018-01-10 23:38:00,2018-01-11 10:55:00,737.0
2018-01-12 14:12:00,2018-01-12 23:58:00,646.0
2018-01-13 14:17:00,2018-01-15 14:51:00,2974.0
2018-01-16 15:23:00,2018-01-17 15:59:00,1536.0
2018-01-19 05:32:00,2018-01-19 11:08:00,396.0
2018-01-21 10:23:00,2018-01-22 08:48:00,1405.0
2018-01-23 01:12:00,2018-01-23 18:09:00,1077.0
2018-01-24 12:10:00,2018-01-24 14:46:00,216.0
2018-01-25 12:03:00,2018-01-27 18:38:00,3335.0
2018-01-28 12:58:00,2018-01-28 23:47:00,709.0
2018-01-29 22:11:00,2018-01-31 06:52:00,2021.0
2018-02-01 15:47:00,2018-02-01 20:31:00,344.0
2018-02-03 05:50:00,2018-02-03 10:34:00,344.0
2018-02-04 10:16:00,2018-02-11 06:58:00,9942.0
2018-02-12 18:05:00,2018-02-15 12:20:00,4035.0
2018-02-16 07:29:00,2018-02-19 14:49:00,4820.0
2018-02-20 14:41:00,2018-02-21 18:26:00,1725.0
2018-02-22 13:14:00,2018-02-25 09:29:00,4155.0
2018-02-25 22:39:00,2018-02-27 04:34:00,1855.0
2018-02-28 02:21:00,2018-03-05 03:52:00,7351.0
2018-03-06 02:22:00,2018-03-07 16:52:00,2370.0
2018-03-09 10:02:00,2018-03-10 13:21:00,1699.0
2018-03-12 09:43:00,2018-03-12 17:04:00,501.0
2018-03-13 11:33:00,2018-03-21 05:33:00,11220.0
2018-03-21 18:42:00,2018-03-21 20:56:00,194.0
2018-03-22 16:47:00,2018-03-26 12:41:00,5574.0
2018-03-27 07:20:00,2018-03-27 23:26:00,1026.0
2018-03-28 15:23:00,2018-03-28 20:17:00,354.0
2018-03-30 04:00:00,2018-03-31 22:13:00,2593.0
2018-04-01 19:22:00,2018-04-02 21:45:00,1643.0
2018-04-04 17:03:00,2018-04-04 18:22:00,139.0
2018-04-05 22:34:00,2018-04-15 12:52:00,13878.0
2018-04-16 02:56:00,2018-04-16 14:51:00,775.0
2018-04-17 04:00:00,2018-04-22 23:35:00,8435.0
2018-04-23 12:38:00,2018-04-24 23:39:00,2161.0
2018-04-26 23:59:00,2018-04-27 19:19:00,1220.0
2018-04-28 10:02:00,2018-04-30 08:30:00,2848.0
2018-05-02 01:44:00,2018-05-03 04:17:00,1653.0
2018-05-03 18:08:00,2018-05-10 15:28:00,9980.0
2018-05-11 09:57:00,2018-05-27 14:50:00,23393.0
2018-05-28 18:56:00,2018-05-28 23:32:00,336.0
2018-05-29 15:13:00,2018-06-10 07:20:00,16867.0
2018-06-11 01:58:00,2018-06-14 15:18:00,5180.0
2018-06-15 05:58:00,2018-06-16 08:25:00,1647.0
2018-06-17 22:27:00,2018-06-21 08:47:00,5000.0
2018-06-22 05:24:00,2018-07-10 19:14:00,26810.0
2018-07-11 12:34:00,2018-07-28 15:53:00,24739.0
2018-07-29 07:17:00,2018-08-08 15:14:00,14937.0
2018-08-09 04:24:00,2018-08-09 18:27:00,903.0
2018-08-10 08:45:00,2018-08-10 12:24:00,279.0
2018-08-11 04:44:00,2018-08-11 08:26:00,282.0
2018-08-12 03:04:00,2018-08-12 06:12:00,248.0
2018-08-14 11:55:00,2018-08-14 13:22:00,147.0
2018-08-15 02:25:00,2018-08-15 11:50:00,625.0
2018-08-16 00:53:00,2018-08-19 21:22:00,5609.0
2018-08-20 10:44:00,2018-08-23 23:43:00,5159.0
2018-08-25 00:42:00,2018-08-25 11:10:00,688.0
2018-08-26 01:21:00,2018-08-27 03:02:00,1601.0
2018-08-28 03:59:00,2018-08-30 02:07:00,2828.0
2018-08-31 03:08:00,2018-09-07 02:22:00,10094.0
2018-09-09 00:16:00,2018-09-11 03:26:00,3130.0
2018-09-12 02:15:00,2018-09-12 06:52:00,337.0
2018-09-12 21:19:00,2018-09-14 12:13:00,2394.0
2018-09-15 23:04:00,2018-09-20 04:18:00,6134.0
2018-09-21 01:40:00,2018-09-21 08:39:00,479.0
2018-09-23 09:31:00,2018-09-23 10:49:00,138.0
2018-09-23 23:57:00,2018-09-24 10:51:00,714.0
2018-09-25 00:41:00,2018-09-26 23:10:00,2849.0
2018-09-27 12:40:00,2018-10-02 04:54:00,6794.0
2018-10-03 03:29:00,2018-10-06 20:51:00,5422.0
2018-10-07 15:17:00,2018-10-18 03:09:00,15172.0
2018-10-18 17:37:00,2018-10-21 21:42:00,4625.0
2018-10-22 11:54:00,2018-10-22 23:15:00,741.0
2018-10-24 00:14:00,2018-10-26 05:13:00,3239.0
2018-10-28 15:53:00,2018-10-29 16:47:00,1554.0
2018-10-30 17:28:00,2018-10-30 19:19:00,171.0
2018-10-31 12:24:00,2018-11-02 12:27:00,2943.0
2018-11-03 03:40:00,2018-11-09 12:21:00,9221.0
2018-11-10 02:29:00,2018-11-10 09:23:00,474.0
2018-11-11 16:58:00,2018-11-12 11:48:00,1190.0
2018-11-13 06:31:00,2018-11-19 20:25:00,9534.0
2018-11-20 14:33:00,2018-11-29 00:58:00,12205.0
2018-11-30 08:00:00,2018-12-01 08:29:00,1529.0
2018-12-04 01:56:00,2018-12-05 04:57:00,1681.0
2018-12-05 18:02:00,2018-12-05 22:57:00,355.0
2018-12-09 07:43:00,2018-12-11 17:51:00,3548.0
2018-12-12 07:17:00,2018-12-14 12:44:00,3267.0
2018-12-15 03:35:00,2018-12-19 22:42:00,6967.0
2018-12-22 15:27:00,2018-12-22 23:04:00,517.0
2018-12-23 22:37:00,2018-12-29 11:50:00,8053.0
2018-12-30 05:24:00,2018-12-31 04:33:00,1449.0
2018-12-31 20:06:00,2019-01-07 15:00:00,9834.0
2019-01-09 11:13:00,2019-01-12 07:01:00,4128.0
2019-01-13 03:35:00,2019-01-13 05:00:00,145.0
2019-01-14 02:35:00,2019-01-15 01:27:00,1432.0
2019-01-15 15:02:00,2019-01-15 21:00:00,418.0
2019-01-16 10:36:00,2019-01-16 11:57:00,141.0
2019-01-17 22:02:00,2019-01-21 04:59:00,4797.0
2019-01-21 18:38:00,2019-01-25 20:24:00,5926.0
2019-01-28 09:59:00,2019-01-28 15:58:00,419.0
2019-01-29 05:29:00,2019-02-02 18:10:00,6581.0
2019-02-03 12:23:00,2019-02-04 07:05:00,1182.0
2019-02-05 09:05:00,2019-02-06 06:10:00,1325.0
2019-02-07 01:55:00,2019-02-07 04:54:00,239.0
2019-02-11 07:15:00,2019-02-19 02:26:00,11291.0
2019-02-20 02:13:00,2019-02-20 14:32:00,799.0
2019-02-21 09:22:00,2019-03-03 03:07:00,14085.0
2019-03-05 23:27:00,2019-03-06 10:18:00,711.0
2019-03-08 13:26:00,2019-03-09 02:28:00,842.0
2019-03-10 13:41:00,2019-03-11 04:56:00,975.0
2019-03-11 19:01:00,2019-03-12 11:16:00,1035.0
2019-03-15 07:49:00,2019-03-15 10:07:00,198.0
2019-03-16 06:56:00,2019-03-16 12:53:00,417.0
2019-03-18 21:22:00,2019-03-24 22:15:00,8753.0
2019-03-25 13:06:00,2019-04-02 19:05:00,11939.0
2019-04-04 03:05:00,2019-04-12 07:50:00,11865.0
2019-04-13 00:12:00,2019-04-23 19:42:00,15630.0
2019-04-24 10:52:00,2019-04-25 04:04:00,1092.0
2019-04-25 17:12:00,2019-04-26 09:20:00,1028.0
2019-04-27 00:30:00,2019-04-27 02:08:00,158.0
2019-04-28 16:19:00,2019-04-29 02:01:00,642.0
2019-04-29 17:08:00,2019-05-03 14:39:00,5671.0
2019-05-04 04:42:00,2019-05-04 11:18:00,456.0
2019-05-05 02:12:00,2019-05-06 12:41:00,2129.0
2019-05-07 01:54:00,2019-05-07 09:21:00,507.0
2019-05-08 15:17:00,2019-05-08 20:24:00,367.0
2019-05-10 22:26:00,2019-05-17 07:55:00,9269.0
2019-05-18 00:12:00,2019-05-21 11:21:00,5049.0
2019-05-22 22:54:00,2019-05-26 02:27:00,4593.0
2019-05-27 09:30:00,2019-05-27 20:10:00,700.0
2019-05-28 14:45:00,2019-05-30 04:54:00,2349.0
2019-05-31 17:15:00,2019-06-03 00:28:00,3373.0
2019-06-03 13:54:00,2019-06-05 01:10:00,2176.0
2019-06-05 14:17:00,2019-06-06 15:09:00,1552.0
2019-06-07 04:33:00,2019-06-07 23:28:00,1195.0
2019-06-08 14:04:00,2019-06-08 17:21:00,257.0
2019-06-09 10:20:00,2019-06-10 06:38:00,1278.0
2019-06-10 22:30:00,2019-06-11 00:58:00,208.0
2019-06-11 17:15:00,2019-06-12 01:15:00,540.0
2019-06-13 08:08:00,2019-06-13 14:21:00,433.0
2019-06-15 04:40:00,2019-06-15 05:41:00,121.0
2019-06-16 04:50:00,2019-06-19 05:15:00,4405.0
2019-06-20 08:34:00,2019-06-21 08:34:00,1500.0
2019-06-21 21:45:00,2019-07-01 09:16:00,13711.0
2019-07-01 22:48:00,2019-07-03 09:25:00,2137.0
2019-07-03 23:27:00,2019-07-04 05:00:00,393.0
2019-07-05 09:25:00,2019-07-06 01:36:00,1031.0
2019-07-06 23:34:00,2019-07-12 00:37:00,7323.0
2019-07-12 18:39:00,2019-07-20 15:31:00,11392.0
2019-07-21 06:14:00,2019-07-22 08:54:00,1660.0
2019-07-23 04:11:00,2019-07-28 08:12:00,7501.0
2019-07-28 21:21:00,2019-07-30 19:51:00,2850.0
2019-08-02 05:49:00,2019-08-05 22:42:00,5393.0
2019-08-06 16:45:00,2019-08-07 09:42:00,1077.0
2019-08-08 04:52:00,2019-08-08 11:12:00,440.0
2019-08-09 03:15:00,2019-08-09 23:02:00,1247.0
2019-08-11 15:33:00,2019-08-12 09:58:00,1165.0
2019-08-12 23:36:00,2019-08-13 01:04:00,148.0
2019-08-14 01:52:00,2019-08-14 08:52:00,480.0
2019-08-14 22:17:00,2019-08-15 04:03:00,406.0
2019-08-16 08:06:00,2019-08-17 01:41:00,1115.0
2019-08-19 01:40:00,2019-08-19 06:14:00,334.0
2019-08-20 10:59:00,2019-08-27 18:01:00,10562.0
2019-08-28 10:13:00,2019-08-29 00:24:00,911.0
2019-08-29 19:19:00,2019-08-31 22:55:00,3156.0
2019-09-01 22:01:00,2019-09-03 00:37:00,1656.0
2019-09-04 00:09:00,2019-09-04 01:36:00,147.0
2019-09-06 00:23:00,2019-09-06 11:51:00,748.0
2019-09-07 10:23:00,2019-09-07 12:00:00,157.0
2019-09-08 01:15:00,2019-09-09 07:35:00,1880.0
2019-09-11 03:46:00,2019-09-11 11:53:00,547.0
2019-09-12 07:31:00,2019-09-12 23:52:00,1041.0
2019-09-13 14:48:00,2019-09-15 08:16:00,2548.0
2019-09-15 21:35:00,2019-09-17 00:47:00,1692.0
2019-09-18 04:41:00,2019-09-18 13:32:00,591.0
2019-09-19 03:16:00,2019-09-25 18:06:00,9590.0
2019-09-26 08:20:00,2019-09-26 17:35:00,615.0
2019-09-30 17:34:00,2019-10-02 13:36:00,2702.0
2019-10-03 06:49:00,2019-10-08 00:28:00,6879.0
2019-10-10 06:55:00,2019-10-10 10:50:00,295.0
2019-10-13 00:20:00,2019-10-13 13:17:00,837.0
2019-10-14 08:21:00,2019-10-14 21:36:00,855.0
2019-10-15 11:48:00,2019-10-16 04:45:00,1077.0
2019-10-17 20:36:00,2019-10-18 00:10:00,274.0
2019-10-19 08:20:00,2019-10-19 16:11:00,531.0
2019-10-20 07:51:00,2019-10-21 05:56:00,1385.0
2019-10-22 02:45:00,2019-10-25 09:33:00,4788.0
2019-10-28 09:24:00,2019-10-28 10:49:00,145.0
2019-10-29 13:35:00,2019-11-01 15:24:00,4489.0
2019-11-04 00:19:00,2019-11-04 03:27:00,248.0
2019-11-05 20:57:00,2019-11-06 10:50:00,893.0
2019-11-07 14:34:00,2019-11-07 21:38:00,484.0
2019-11-08 13:59:00,2019-11-10 19:09:00,3250.0
2019-11-11 08:45:00,2019-11-13 13:45:00,3240.0
2019-11-14 06:52:00,2019-11-15 15:00:00,1988.0
2019-11-17 10:48:00,2019-11-17 19:02:00,554.0
2019-11-18 10:00:00,2019-11-18 17:33:00,513.0
2019-11-19 10:06:00,2019-11-20 12:34:00,1648.0
2019-11-21 08:48:00,2019-11-21 20:29:00,761.0
2019-11-22 17:39:00,2019-11-25 21:18:00,4599.0
2019-11-26 20:31:00,2019-11-27 11:15:00,944.0
2019-11-29 13:01:00,2019-12-03 11:46:00,5745.0
2019-12-04 01:20:00,2019-12-05 22:19:00,2759.0
2019-12-07 15:32:00,2019-12-08 05:31:00,899.0
2019-12-10 00:51:00,2019-12-10 20:24:00,1233.0
2019-12-11 18:22:00,2019-12-12 15:18:00,1316.0
2019-12-13 04:25:00,2019-12-14 00:34:00,1269.0
2019-12-16 05:38:00,2019-12-17 01:31:00,1253.0
2019-12-17 19:23:00,2019-12-17 21:56:00,213.0
2019-12-18 12:35:00,2019-12-20 20:11:00,3396.0
2019-12-21 12:15:00,2019-12-22 21:11:00,2036.0
2019-12-24 16:38:00,2020-01-03 08:26:00,13968.0
2020-01-03 23:42:00,2020-01-04 04:45:00,363.0
2020-01-04 20:45:00,2020-01-05 22:09:00,1584.0
2020-01-06 16:08:00,2020-01-07 21:08:00,1800.0
2020-01-08 15:34:00,2020-01-09 06:43:00,969.0
2020-01-11 01:51:00,2020-01-12 02:24:00,1533.0
2020-01-13 06:28:00,2020-01-14 03:13:00,1305.0
2020-01-16 06:40:00,2020-01-17 18:37:00,2217.0
2020-01-19 03:14:00,2020-01-23 21:59:00,6945.0
2020-01-24 14:06:00,2020-01-25 09:38:00,1232.0
2020-01-25 23:20:00,2020-01-27 04:54:00,1834.0
2020-01-29 05:14:00,2020-01-29 23:36:00,1162.0
2020-02-01 17:25:00,2020-02-01 20:14:00,229.0
2020-02-02 10:11:00,2020-02-02 13:09:00,238.0
2020-02-03 02:16:00,2020-02-03 06:06:00,290.0
2020-02-04 09:29:00,2020-02-09 07:49:00,7160.0
2020-02-13 12:48:00,2020-02-13 19:34:00,466.0
2020-02-14 10:31:00,2020-02-15 02:13:00,1002.0
2020-02-17 10:04:00,2020-02-18 08:26:00,1402.0
2020-02-19 16:50:00,2020-02-20 04:41:00,771.0
2020-02-21 09:58:00,2020-02-21 16:30:00,452.0
2020-02-24 01:48:00,2020-02-24 15:29:00,881.0
2020-02-26 00:49:00,2020-02-26 10:53:00,664.0
2020-02-27 00:25:00,2020-02-27 11:37:00,732.0
2020-02-28 19:45:00,2020-02-29 06:31:00,706.0
2020-03-01 12:00:00,2020-03-03 08:40:00,2740.0
2020-03-04 02:15:00,2020-03-05 02:01:00,1486.0
2020-03-05 15:45:00,2020-03-08 12:44:00,4199.0
2020-03-09 17:35:00,2020-03-09 22:22:00,347.0
2020-03-11 12:01:00,2020-03-12 02:55:00,954.0
2020-03-13 20:49:00,2020-03-16 01:58:00,3249.0
2020-03-16 16:03:00,2020-03-18 05:42:00,2319.0
2020-03-19 06:58:00,2020-03-28 23:58:00,14040.0
2020-03-29 14:48:00,2020-04-01 03:37:00,3709.0
2020-04-01 20:14:00,2020-04-02 21:47:00,1593.0
2020-04-03 11:24:00,2020-04-04 01:42:00,918.0
2020-04-04 14:53:00,2020-04-27 07:26:00,32733.0
2020-04-27 20:47:00,2020-04-29 10:11:00,2304.0
2020-05-01 03:26:00,2020-05-01 05:59:00,213.0
2020-05-03 05:48:00,2020-05-12 12:37:00,13429.0
2020-05-13 15:54:00,2020-05-15 09:29:00,2555.0
2020-05-16 00:14:00,2020-05-17 00:11:00,1497.0
2020-05-17 13:16:00,2020-05-17 15:57:00,221.0
2020-05-19 09:12:00,2020-05-22 12:27:00,4575.0
2020-05-23 08:18:00,2020-05-24 20:04:00,2206.0
2020-05-25 09:36:00,2020-06-04 10:58:00,14542.0
2020-06-05 10:26:00,2020-06-05 18:53:00,567.0
2020-06-06 13:25:00,2020-06-07 18:07:00,1782.0
2020-06-08 07:17:00,2020-06-11 03:20:00,4143.0
2020-06-11 18:47:00,2020-06-11 20:27:00,160.0
2020-06-12 09:35:00,2020-06-12 17:35:00,540.0
2020-06-13 07:50:00,2020-06-13 10:25:00,215.0
2020-06-13 23:35:00,2020-06-18 22:30:00,7195.0
2020-06-20 08:22:00,2020-06-22 00:03:00,2441.0
2020-06-22 15:50:00,2020-06-27 15:54:00,7264.0
2020-06-28 05:47:00,2020-06-28 07:21:00,154.0
2020-06-29 00:41:00,2020-06-29 21:12:00,1291.0
2020-06-30 21:15:00,2020-07-01 07:31:00,676.0
2020-07-02 11:16:00,2020-07-03 09:23:00,1387.0
2020-07-05 22:55:00,2020-07-05 23:58:00,123.0
2020-07-07 02:57:00,2020-07-10 10:52:00,4855.0
2020-07-11 02:34:00,2020-07-14 05:16:00,4542.0
2020-07-15 08:05:00,2020-07-15 09:39:00,154.0
2020-07-16 01:02:00,2020-07-20 00:27:00,5785.0
2020-07-20 15:46:00,2020-07-23 16:37:00,4431.0
2020-07-24 20:59:00,2020-07-25 16:55:00,1256.0
2020-07-26 22:12:00,2020-07-27 23:28:00,1576.0
2020-07-28 18:30:00,2020-07-29 08:49:00,919.0
2020-07-30 04:33:00,2020-08-18 06:00:00,27507.0
2020-08-18 20:38:00,2020-08-20 12:17:00,2439.0
2020-08-24 07:36:00,2020-08-24 14:51:00,495.0
2020-08-25 05:03:00,2020-08-25 18:37:00,874.0
2020-08-28 00:08:00,2020-08-28 21:32:00,1344.0
2020-08-29 20:04:00,2020-08-30 19:33:00,1469.0
2020-08-31 10:18:00,2020-09-03 15:29:00,4691.0
2020-09-04 07:36:00,2020-09-05 06:33:00,1437.0
2020-09-07 01:09:00,2020-09-08 01:28:00,1519.0
2020-09-08 15:16:00,2020-09-09 07:45:00,1049.0
2020-09-10 01:21:00,2020-09-12 11:43:00,3562.0
2020-09-13 01:17:00,2020-09-23 19:52:00,15575.0
2020-09-24 16:54:00,2020-09-25 05:33:00,819.0
2020-09-26 06:51:00,2020-09-26 16:44:00,653.0
2020-09-27 08:11:00,2020-09-28 07:21:00,1450.0
2020-09-28 20:49:00,2020-10-01 16:04:00,4095.0
2020-10-02 21:45:00,2020-10-04 00:07:00,1642.0
2020-10-04 14:15:00,2020-10-05 15:31:00,1576.0
2020-10-06 05:33:00,2020-10-06 08:45:00,252.0
2020-10-09 07:48:00,2020-10-09 17:06:00,618.0
2020-10-10 16:38:00,2020-10-21 08:49:00,15431.0
2020-10-22 08:26:00,2020-10-22 18:55:00,689.0
2020-10-23 08:33:00,2020-10-23 20:04:00,751.0
2020-10-24 13:07:00,2020-10-25 09:04:00,1257.0
2020-10-26 08:18:00,2020-10-27 22:15:00,2337.0
2020-10-29 19:18:00,2020-10-30 00:39:00,381.0
2020-10-31 17:24:00,2020-10-31 23:20:00,416.0
2020-11-01 14:40:00,2020-11-01 18:45:00,305.0
2020-11-03 05:17:00,2020-11-04 01:04:00,1247.0
2020-11-04 16:02:00,2020-11-05 07:07:00,965.0
2020-11-05 20:19:00,2020-11-12 13:43:00,9744.0
2020-11-13 14:00:00,2020-11-13 19:41:00,401.0
2020-11-14 09:50:00,2020-11-15 20:36:00,2146.0
2020-11-17 05:50:00,2020-11-17 10:48:00,358.0
2020-11-18 00:13:00,2020-11-18 21:09:00,1316.0
2020-11-19 23:16:00,2020-11-21 01:27:00,1631.0
2020-11-22 08:32:00,2020-11-22 18:58:00,686.0
2020-11-23 16:54:00,2020-12-10 01:10:00,23596.0
2020-12-10 16:41:00,2020-12-14 10:18:00,5437.0
2020-12-15 03:07:00,2020-12-15 06:59:00,292.0
2020-12-16 08:12:00,2020-12-17 04:13:00,1261.0
2020-12-18 05:13:00,2020-12-19 19:21:00,2348.0
2020-12-20 08:56:00,2020-12-20 23:44:00,948.0
2020-12-21 13:30:00,2020-12-21 22:15:00,585.0
2020-12-22 16:45:00,2020-12-24 10:00:00,2535.0
2020-12-24 23:22:00,2020-12-26 08:33:00,2051.0
2020-12-29 00:48:00,2020-12-29 03:50:00,242.0
2020-12-29 21:36:00,2020-12-30 01:07:00,271.0
2021-01-01 13:18:00,2021-01-06 00:22:00,6484.0
2021-01-09 16:58:00,2021-01-10 11:10:00,1152.0
2021-01-13 00:09:00,2021-01-13 06:05:00,416.0
2021-01-14 07:57:00,2021-01-18 11:28:00,6031.0
2021-01-21 01:13:00,2021-01-22 00:34:00,1461.0
2021-01-23 08:50:00,2021-01-25 14:21:00,3271.0
2021-01-26 03:30:00,2021-01-27 02:24:00,1434.0
2021-01-28 09:28:00,2021-02-03 07:53:00,8605.0
2021-02-04 09:25:00,2021-02-11 02:01:00,9696.0
2021-02-12 01:45:00,2021-02-15 13:40:00,5095.0
2021-02-16 06:42:00,2021-02-16 15:00:00,558.0
2021-02-17 17:44:00,2021-02-17 19:31:00,167.0
2021-02-18 19:09:00,2021-02-18 20:30:00,141.0
2021-02-19 14:00:00,2021-03-07 09:47:00,22847.0
2021-03-07 22:59:00,2021-03-10 20:31:00,4232.0
2021-03-12 14:27:00,2021-03-12 17:32:00,245.0
2021-03-14 08:29:00,2021-03-14 11:23:00,234.0
2021-03-15 23:41:00,2021-03-16 14:50:00,969.0
2021-03-17 03:56:00,2021-03-26 22:32:00,14136.0
2021-03-27 22:21:00,2021-03-28 10:16:00,775.0
2021-03-29 18:35:00,2021-04-04 23:23:00,8988.0
2021-04-06 00:56:00,2021-04-06 08:37:00,521.0
2021-04-06 21:39:00,2021-04-07 11:43:00,904.0
2021-04-08 11:10:00,2021-04-08 17:31:00,441.0
2021-04-09 19:46:00,2021-04-11 05:01:00,2055.0
2021-04-11 23:13:00,2021-04-12 14:26:00,973.0
2021-04-14 00:57:00,2021-04-29 16:26:00,22589.0
2021-04-30 06:00:00,2021-05-02 13:18:00,3378.0
2021-05-03 13:24:00,2021-05-03 19:15:00,411.0
2021-05-07 06:13:00,2021-05-07 09:24:00,251.0
2021-05-08 04:47:00,2021-05-08 21:15:00,1048.0
2021-05-10 04:55:00,2021-05-10 13:37:00,582.0
2021-05-12 20:33:00,2021-05-13 19:46:00,1453.0
2021-05-14 14:44:00,2021-05-16 09:39:00,2635.0
2021-05-17 04:49:00,2021-05-20 22:25:00,5436.0
2021-05-23 11:23:00,2021-05-24 18:20:00,1917.0
2021-05-25 18:37:00,2021-05-25 22:37:00,300.0
2021-05-27 06:44:00,2021-06-02 23:03:00,9679.0
2021-06-03 19:00:00,2021-06-04 00:20:00,380.0
2021-06-04 14:24:00,2021-06-06 21:07:00,3343.0
2021-06-07 17:08:00,2021-06-20 06:09:00,18121.0
2021-06-20 20:49:00,2021-06-21 05:58:00,609.0
2021-06-22 03:37:00,2021-06-30 09:37:00,11940.0
2021-07-01 05:43:00,2021-07-02 08:51:00,1688.0
2021-07-03 17:38:00,2021-07-06 06:05:00,3687.0
2021-07-07 06:45:00,2021-07-07 14:45:00,540.0
2021-07-08 05:44:00,2021-07-08 15:19:00,635.0
2021-07-09 11:00:00,2021-07-09 18:43:00,523.0
2021-07-10 16:52:00,2021-07-25 15:37:00,21585.0
2021-07-26 11:29:00,2021-07-26 21:56:00,687.0
2021-07-27 11:06:00,2021-07-27 23:28:00,802.0
2021-07-28 13:23:00,2021-07-28 15:21:00,178.0
2021-07-30 11:47:00,2021-07-31 09:17:00,1350.0
2021-08-01 02:06:00,2021-08-06 18:04:00,8218.0
2021-08-09 03:57:00,2021-08-09 05:34:00,157.0
2021-08-10 04:21:00,2021-08-10 08:13:00,292.0
2021-08-11 03:11:00,2021-08-15 14:47:00,6516.0
2021-08-16 06:59:00,2021-08-16 10:21:00,262.0
2021-08-18 02:21:00,2021-08-18 07:11:00,350.0
